IG,JG
1187,1
1188,1
1189,1
1190,1
1191,1
1185,2
1186,2
1187,2
1,3
1183,3
1184,3
1185,3
1,4
2,4
3,4
4,4
5,4
6,4
7,4
8,4
9,4
10,4
11,4
12,4
13,4
14,4
15,4
16,4
17,4
18,4
19,4
1182,4
1183,4
19,5
1181,5
1182,5
19,6
1180,6
1181,6
19,7
1180,7
19,8
1178,8
1179,8
1180,8
18,9
19,9
1177,9
1178,9
18,10
1176,10
1177,10
17,11
18,11
1174,11
1175,11
1176,11
17,12
1173,12
1174,12
17,13
1171,13
1172,13
1173,13
17,14
1170,14
1171,14
17,15
1168,15
1169,15
1170,15
17,16
18,16
1168,16
18,17
19,17
20,17
21,17
22,17
23,17
24,17
25,17
26,17
1167,17
1168,17
26,18
1166,18
1167,18
26,19
27,19
1164,19
1165,19
1166,19
27,20
28,20
1164,20
28,21
1163,21
1164,21
28,22
1162,22
1163,22
28,23
1161,23
1162,23
28,24
1161,24
28,25
1161,25
28,26
1160,26
1161,26
28,27
40,27
41,27
42,27
43,27
44,27
45,27
1160,27
28,28
38,28
39,28
40,28
45,28
46,28
1160,28
28,29
29,29
35,29
36,29
37,29
38,29
46,29
47,29
48,29
1160,29
29,30
30,30
31,30
32,30
33,30
34,30
35,30
48,30
49,30
1160,30
49,31
50,31
1159,31
1160,31
50,32
51,32
52,32
1159,32
52,33
53,33
1159,33
53,34
54,34
1159,34
54,35
55,35
78,35
79,35
80,35
81,35
82,35
83,35
84,35
1159,35
55,36
56,36
57,36
75,36
76,36
77,36
78,36
84,36
85,36
86,36
87,36
1159,36
57,37
58,37
71,37
72,37
73,37
74,37
75,37
87,37
88,37
1159,37
58,38
59,38
60,38
61,38
62,38
63,38
65,38
66,38
67,38
68,38
69,38
70,38
71,38
88,38
89,38
1159,38
63,39
64,39
65,39
89,39
90,39
1159,39
90,40
91,40
1159,40
91,41
92,41
94,41
95,41
96,41
97,41
98,41
99,41
100,41
101,41
102,41
103,41
1159,41
92,42
93,42
94,42
103,42
104,42
105,42
106,42
1159,42
1160,42
106,43
107,43
108,43
1160,43
108,44
109,44
1160,44
109,45
1160,45
109,46
1160,46
109,47
110,47
1160,47
110,48
1160,48
110,49
1160,49
110,50
1160,50
110,51
111,51
1160,51
111,52
1160,52
111,53
1160,53
111,54
1160,54
111,55
1160,55
111,56
1159,56
1160,56
111,57
1159,57
111,58
1158,58
1159,58
111,59
1157,59
1158,59
111,60
1157,60
111,61
112,61
1156,61
1157,61
112,62
1156,62
112,63
1155,63
1156,63
112,64
113,64
1155,64
113,65
114,65
115,65
203,65
204,65
205,65
1154,65
1155,65
115,66
116,66
117,66
200,66
201,66
202,66
203,66
205,66
206,66
1154,66
117,67
118,67
119,67
120,67
121,67
122,67
123,67
124,67
199,67
200,67
206,67
207,67
1153,67
1154,67
124,68
125,68
126,68
127,68
128,68
196,68
197,68
198,68
199,68
207,68
1153,68
128,69
129,69
130,69
131,69
132,69
193,69
194,69
195,69
196,69
207,69
208,69
1152,69
1153,69
132,70
133,70
134,70
135,70
136,70
184,70
185,70
186,70
187,70
188,70
189,70
190,70
191,70
192,70
193,70
208,70
209,70
1152,70
136,71
137,71
138,71
139,71
140,71
181,71
182,71
183,71
184,71
209,71
210,71
1151,71
1152,71
140,72
141,72
142,72
143,72
144,72
178,72
179,72
180,72
181,72
210,72
211,72
1151,72
144,73
145,73
146,73
147,73
148,73
149,73
150,73
151,73
177,73
178,73
211,73
212,73
1151,73
151,74
152,74
153,74
154,74
155,74
156,74
157,74
158,74
159,74
160,74
177,74
212,74
213,74
1150,74
1151,74
160,75
161,75
162,75
163,75
164,75
165,75
166,75
167,75
168,75
175,75
176,75
177,75
213,75
214,75
215,75
1150,75
168,76
169,76
170,76
171,76
172,76
173,76
174,76
175,76
215,76
216,76
1150,76
216,77
1150,77
216,78
1149,78
1150,78
216,79
217,79
1149,79
217,80
218,80
1149,80
218,81
1148,81
1149,81
218,82
1148,82
218,83
219,83
1147,83
1148,83
219,84
1146,84
1147,84
219,85
1145,85
1146,85
219,86
220,86
1144,86
1145,86
220,87
1143,87
1144,87
219,88
220,88
1142,88
1143,88
217,89
218,89
219,89
1141,89
1142,89
215,90
216,90
217,90
1141,90
213,91
214,91
215,91
1140,91
1141,91
210,92
211,92
212,92
213,92
1140,92
210,93
1139,93
1140,93
210,94
1139,94
210,95
1139,95
210,96
1139,96
210,97
1139,97
210,98
1139,98
210,99
1139,99
210,100
1139,100
1646,100
1647,100
1648,100
1649,100
1650,100
1651,100
1652,100
210,101
1139,101
1645,101
1646,101
210,102
211,102
1139,102
1644,102
1645,102
211,103
1139,103
1140,103
1643,103
1644,103
211,104
212,104
1140,104
1643,104
212,105
213,105
214,105
215,105
1140,105
1643,105
215,106
216,106
217,106
218,106
219,106
1140,106
1643,106
219,107
220,107
1140,107
1141,107
1642,107
1643,107
220,108
221,108
1141,108
1641,108
1642,108
221,109
1141,109
1641,109
221,110
222,110
1141,110
1142,110
1640,110
1641,110
222,111
1142,111
1640,111
222,112
223,112
224,112
225,112
1142,112
1639,112
1640,112
225,113
226,113
1142,113
1639,113
226,114
227,114
1142,114
1638,114
1639,114
227,115
1142,115
1637,115
1638,115
227,116
228,116
1142,116
1637,116
228,117
1142,117
1636,117
1637,117
228,118
229,118
230,118
1142,118
1635,118
1636,118
230,119
231,119
232,119
1142,119
1143,119
1633,119
1634,119
1635,119
232,120
233,120
1143,120
1632,120
1633,120
233,121
234,121
1143,121
1630,121
1631,121
1632,121
234,122
235,122
1142,122
1143,122
1629,122
1630,122
235,123
1142,123
1628,123
1629,123
235,124
1142,124
1628,124
235,125
1142,125
1628,125
235,126
1142,126
1628,126
235,127
1142,127
1628,127
1629,127
235,128
1141,128
1142,128
1629,128
1630,128
1631,128
1632,128
1633,128
235,129
1141,129
1633,129
1634,129
1635,129
1636,129
1637,129
235,130
236,130
1141,130
1637,130
1638,130
236,131
237,131
238,131
1140,131
1141,131
1638,131
238,132
239,132
1140,132
1638,132
239,133
240,133
241,133
1140,133
1638,133
1639,133
241,134
242,134
1139,134
1140,134
1639,134
242,135
243,135
1139,135
1638,135
1639,135
243,136
244,136
1139,136
1638,136
244,137
245,137
246,137
1138,137
1139,137
1638,137
246,138
247,138
1138,138
1638,138
247,139
248,139
1138,139
1638,139
248,140
1137,140
1138,140
1638,140
248,141
249,141
1137,141
1638,141
249,142
250,142
1136,142
1137,142
1637,142
1638,142
250,143
251,143
1136,143
1637,143
251,144
1135,144
1136,144
1637,144
251,145
252,145
1135,145
1637,145
252,146
253,146
1134,146
1135,146
1636,146
1637,146
253,147
1133,147
1134,147
1636,147
253,148
254,148
1133,148
1636,148
254,149
1132,149
1133,149
1636,149
254,150
255,150
1131,150
1132,150
1636,150
255,151
1131,151
1636,151
255,152
256,152
1130,152
1131,152
1635,152
1636,152
256,153
1128,153
1129,153
1130,153
1633,153
1634,153
1635,153
256,154
1127,154
1128,154
1632,154
1633,154
256,155
1126,155
1127,155
1630,155
1631,155
1632,155
256,156
1124,156
1125,156
1126,156
1628,156
1629,156
1630,156
255,157
256,157
1123,157
1124,157
1627,157
1628,157
253,158
254,158
255,158
1121,158
1122,158
1123,158
1627,158
250,159
251,159
252,159
253,159
1120,159
1121,159
1626,159
1627,159
249,160
250,160
1119,160
1120,160
1626,160
249,161
1118,161
1119,161
1626,161
249,162
1117,162
1118,162
1625,162
1626,162
249,163
250,163
1116,163
1117,163
1624,163
1625,163
250,164
251,164
1115,164
1116,164
1623,164
1624,164
251,165
252,165
1113,165
1114,165
1115,165
1622,165
1623,165
252,166
253,166
1112,166
1113,166
1621,166
1622,166
253,167
1111,167
1112,167
1620,167
1621,167
253,168
1110,168
1111,168
1620,168
253,169
254,169
1109,169
1110,169
1619,169
1620,169
254,170
1109,170
1618,170
1619,170
254,171
1108,171
1109,171
1617,171
1618,171
254,172
255,172
1108,172
1616,172
1617,172
254,173
255,173
1107,173
1108,173
1615,173
1616,173
254,174
1106,174
1107,174
1614,174
1615,174
253,175
254,175
1105,175
1106,175
1614,175
252,176
253,176
1104,176
1105,176
1614,176
251,177
252,177
1103,177
1104,177
1614,177
251,178
1102,178
1103,178
1614,178
251,179
1102,179
1614,179
251,180
1101,180
1102,180
1614,180
251,181
1100,181
1101,181
1614,181
251,182
1100,182
1614,182
250,183
251,183
1099,183
1100,183
1614,183
1615,183
250,184
1098,184
1099,184
1615,184
250,185
1098,185
1615,185
249,186
250,186
1097,186
1098,186
1615,186
248,187
249,187
1097,187
1615,187
248,188
1096,188
1097,188
1615,188
1616,188
248,189
1096,189
1616,189
248,190
1095,190
1096,190
1616,190
247,191
248,191
1095,191
1616,191
247,192
1095,192
1616,192
247,193
1095,193
1616,193
1617,193
247,194
1095,194
1617,194
246,195
247,195
253,195
254,195
255,195
256,195
1094,195
1095,195
1616,195
1617,195
246,196
253,196
256,196
257,196
1094,196
1616,196
246,197
251,197
252,197
253,197
257,197
258,197
275,197
276,197
277,197
278,197
279,197
1094,197
1616,197
246,198
251,198
258,198
259,198
269,198
270,198
271,198
272,198
273,198
274,198
275,198
279,198
1093,198
1094,198
1615,198
1616,198
246,199
247,199
250,199
251,199
259,199
260,199
261,199
268,199
269,199
279,199
280,199
1093,199
1614,199
1615,199
247,200
248,200
250,200
261,200
262,200
263,200
264,200
265,200
266,200
267,200
268,200
280,200
281,200
1093,200
1612,200
1613,200
1614,200
248,201
249,201
250,201
281,201
282,201
1092,201
1093,201
1611,201
1612,201
282,202
283,202
1091,202
1092,202
1608,202
1609,202
1610,202
1611,202
283,203
284,203
1089,203
1090,203
1091,203
1608,203
284,204
285,204
1088,204
1089,204
1607,204
1608,204
285,205
1088,205
1607,205
285,206
286,206
1088,206
1607,206
286,207
1087,207
1088,207
1607,207
286,208
287,208
1087,208
1607,208
287,209
1087,209
1607,209
287,210
288,210
1087,210
1607,210
288,211
1086,211
1087,211
1607,211
288,212
1086,212
1607,212
288,213
1086,213
1607,213
288,214
1086,214
1606,214
1607,214
288,215
289,215
1085,215
1086,215
1605,215
1606,215
289,216
290,216
1085,216
1604,216
1605,216
290,217
1084,217
1085,217
1603,217
1604,217
290,218
1083,218
1084,218
1603,218
289,219
290,219
1083,219
1603,219
289,220
1083,220
1603,220
288,221
289,221
1083,221
1603,221
1604,221
288,222
1083,222
1604,222
1605,222
1606,222
287,223
288,223
1083,223
1606,223
1607,223
287,224
1082,224
1083,224
1607,224
287,225
1082,225
1607,225
1608,225
286,226
287,226
1082,226
1608,226
286,227
1082,227
1608,227
1609,227
286,228
1081,228
1082,228
1609,228
285,229
286,229
1081,229
1609,229
1610,229
285,230
1081,230
1610,230
285,231
296,231
297,231
298,231
299,231
300,231
1080,231
1081,231
1610,231
285,232
292,232
293,232
294,232
295,232
296,232
300,232
301,232
302,232
1080,232
1610,232
285,233
286,233
287,233
288,233
289,233
290,233
291,233
292,233
302,233
303,233
304,233
1079,233
1080,233
1610,233
304,234
1078,234
1079,234
1610,234
304,235
305,235
1077,235
1078,235
1609,235
1610,235
305,236
306,236
1077,236
1609,236
306,237
307,237
1077,237
1608,237
1609,237
307,238
308,238
1077,238
1608,238
308,239
309,239
310,239
1076,239
1077,239
1608,239
310,240
311,240
312,240
1076,240
1607,240
1608,240
312,241
313,241
1076,241
1607,241
313,242
314,242
315,242
1075,242
1076,242
1607,242
315,243
316,243
317,243
1075,243
1607,243
317,244
318,244
1075,244
1607,244
318,245
319,245
1074,245
1075,245
1607,245
319,246
320,246
1074,246
1607,246
320,247
321,247
322,247
1073,247
1074,247
1607,247
1608,247
322,248
323,248
1073,248
1608,248
323,249
324,249
1073,249
1608,249
324,250
325,250
1073,250
1608,250
325,251
326,251
327,251
1073,251
1608,251
327,252
328,252
1073,252
1608,252
1609,252
328,253
329,253
1073,253
1609,253
329,254
330,254
1073,254
1609,254
330,255
331,255
332,255
1073,255
1609,255
1610,255
332,256
333,256
334,256
1073,256
1610,256
334,257
335,257
1072,257
1073,257
1610,257
335,258
336,258
337,258
1072,258
1610,258
337,259
338,259
1072,259
1610,259
1611,259
338,260
339,260
1072,260
1073,260
1074,260
1611,260
339,261
340,261
1074,261
1075,261
1076,261
1611,261
340,262
341,262
1076,262
1611,262
1612,262
341,263
342,263
343,263
1076,263
1077,263
1612,263
343,264
344,264
345,264
1077,264
1078,264
1612,264
345,265
346,265
1078,265
1612,265
1613,265
346,266
347,266
1078,266
1079,266
1613,266
347,267
348,267
1079,267
1080,267
1613,267
348,268
349,268
350,268
1080,268
1613,268
1614,268
350,269
351,269
352,269
1080,269
1614,269
352,270
353,270
354,270
1080,270
1081,270
1614,270
354,271
355,271
1081,271
1614,271
1615,271
355,272
356,272
1081,272
1615,272
356,273
357,273
615,273
616,273
617,273
618,273
619,273
620,273
1081,273
1615,273
357,274
358,274
401,274
402,274
403,274
404,274
405,274
406,274
407,274
408,274
613,274
614,274
615,274
620,274
1081,274
1615,274
358,275
359,275
399,275
400,275
401,275
408,275
409,275
410,275
411,275
611,275
612,275
613,275
620,275
1081,275
1615,275
1616,275
359,276
360,276
361,276
389,276
390,276
391,276
392,276
393,276
394,276
395,276
396,276
397,276
398,276
399,276
411,276
412,276
610,276
611,276
620,276
621,276
1081,276
1616,276
1617,276
1618,276
1619,276
361,277
362,277
388,277
389,277
412,277
609,277
610,277
621,277
1081,277
1619,277
1620,277
362,278
363,278
364,278
385,278
386,278
387,278
388,278
412,278
609,278
621,278
1081,278
1620,278
1621,278
364,279
365,279
366,279
382,279
383,279
384,279
385,279
412,279
608,279
609,279
621,279
1081,279
1621,279
366,280
367,280
376,280
377,280
378,280
379,280
380,280
381,280
382,280
412,280
607,280
608,280
621,280
1081,280
1621,280
1622,280
367,281
368,281
369,281
370,281
371,281
372,281
373,281
374,281
375,281
376,281
412,281
606,281
607,281
621,281
1081,281
1622,281
1623,281
411,282
412,282
606,282
620,282
621,282
1081,282
1623,282
1624,282
411,283
605,283
606,283
620,283
1081,283
1624,283
411,284
604,284
605,284
619,284
620,284
1081,284
1624,284
1625,284
410,285
411,285
604,285
619,285
1081,285
1625,285
410,286
603,286
604,286
619,286
1081,286
1625,286
1626,286
409,287
410,287
602,287
603,287
618,287
619,287
1081,287
1626,287
409,288
602,288
618,288
1080,288
1081,288
1626,288
1627,288
408,289
409,289
601,289
602,289
617,289
618,289
1080,289
1627,289
1628,289
408,290
600,290
601,290
617,290
1080,290
1628,290
407,291
408,291
438,291
439,291
440,291
441,291
442,291
600,291
617,291
1079,291
1080,291
1628,291
1629,291
406,292
407,292
437,292
438,292
442,292
443,292
599,292
600,292
616,292
617,292
1079,292
1629,292
406,293
435,293
436,293
437,293
443,293
444,293
474,293
475,293
476,293
477,293
478,293
479,293
480,293
481,293
482,293
483,293
484,293
485,293
598,293
599,293
616,293
1079,293
1629,293
1630,293
406,294
407,294
434,294
435,294
444,294
445,294
446,294
471,294
472,294
473,294
474,294
485,294
486,294
487,294
488,294
597,294
598,294
616,294
1078,294
1079,294
1630,294
407,295
432,295
433,295
434,295
446,295
447,295
469,295
470,295
471,295
488,295
489,295
596,295
597,295
615,295
616,295
1078,295
1630,295
407,296
408,296
431,296
432,296
447,296
448,296
469,296
489,296
490,296
491,296
595,296
596,296
615,296
1078,296
1630,296
408,297
428,297
429,297
430,297
431,297
448,297
449,297
468,297
469,297
491,297
492,297
493,297
594,297
595,297
615,297
1077,297
1078,297
1630,297
408,298
409,298
410,298
425,298
426,298
427,298
428,298
449,298
467,298
468,298
493,298
494,298
495,298
594,298
615,298
1077,298
1630,298
410,299
411,299
412,299
422,299
423,299
424,299
425,299
449,299
450,299
466,299
467,299
495,299
496,299
593,299
594,299
615,299
1077,299
1630,299
412,300
413,300
414,300
415,300
419,300
420,300
421,300
422,300
450,300
451,300
465,300
466,300
496,300
497,300
592,300
593,300
615,300
1077,300
1629,300
1630,300
415,301
416,301
417,301
418,301
419,301
451,301
464,301
465,301
497,301
498,301
592,301
615,301
616,301
1077,301
1629,301
451,302
452,302
462,302
463,302
464,302
498,302
499,302
553,302
554,302
555,302
556,302
557,302
558,302
559,302
560,302
561,302
562,302
591,302
592,302
616,302
617,302
618,302
1077,302
1629,302
452,303
453,303
454,303
461,303
462,303
499,303
553,303
562,303
563,303
564,303
591,303
618,303
619,303
620,303
621,303
1077,303
1629,303
454,304
455,304
456,304
457,304
458,304
459,304
460,304
461,304
499,304
552,304
553,304
564,304
565,304
566,304
591,304
621,304
622,304
623,304
624,304
625,304
626,304
1077,304
1629,304
499,305
552,305
566,305
567,305
568,305
569,305
589,305
590,305
591,305
626,305
627,305
632,305
633,305
634,305
635,305
1077,305
1629,305
499,306
551,306
552,306
569,306
570,306
571,306
572,306
573,306
574,306
575,306
576,306
577,306
578,306
579,306
580,306
581,306
582,306
583,306
584,306
585,306
586,306
587,306
588,306
589,306
627,306
628,306
629,306
630,306
631,306
632,306
635,306
636,306
637,306
638,306
639,306
653,306
654,306
655,306
656,306
657,306
658,306
659,306
660,306
1077,306
1629,306
499,307
551,307
639,307
640,307
641,307
642,307
643,307
644,307
645,307
646,307
647,307
648,307
649,307
650,307
651,307
652,307
653,307
660,307
661,307
662,307
663,307
664,307
665,307
666,307
667,307
668,307
1077,307
1629,307
499,308
551,308
668,308
669,308
670,308
671,308
672,308
673,308
1077,308
1629,308
499,309
550,309
551,309
673,309
674,309
675,309
676,309
1077,309
1629,309
499,310
550,310
676,310
677,310
1076,310
1077,310
1629,310
499,311
550,311
677,311
678,311
679,311
680,311
681,311
682,311
683,311
692,311
693,311
694,311
695,311
696,311
697,311
698,311
1076,311
1629,311
499,312
549,312
550,312
683,312
684,312
685,312
686,312
687,312
688,312
689,312
690,312
691,312
692,312
698,312
699,312
700,312
701,312
702,312
703,312
704,312
705,312
706,312
1076,312
1629,312
498,313
499,313
549,313
706,313
707,313
708,313
709,313
710,313
1076,313
1629,313
498,314
549,314
710,314
711,314
712,314
713,314
714,314
1076,314
1629,314
498,315
549,315
714,315
715,315
716,315
1076,315
1629,315
498,316
499,316
549,316
716,316
717,316
1076,316
1629,316
499,317
548,317
549,317
717,317
718,317
719,317
1075,317
1076,317
1629,317
499,318
500,318
501,318
548,318
719,318
720,318
1075,318
1629,318
501,319
547,319
548,319
720,319
721,319
1075,319
1629,319
501,320
502,320
546,320
547,320
721,320
722,320
1075,320
1628,320
1629,320
502,321
503,321
545,321
546,321
722,321
723,321
1075,321
1628,321
1629,321
503,322
504,322
531,322
532,322
533,322
534,322
535,322
536,322
544,322
545,322
723,322
724,322
1074,322
1075,322
1629,322
504,323
505,323
529,323
530,323
531,323
536,323
537,323
538,323
539,323
540,323
541,323
542,323
543,323
544,323
724,323
1074,323
1629,323
505,324
527,324
528,324
529,324
724,324
725,324
1074,324
1629,324
505,325
506,325
522,325
523,325
524,325
525,325
526,325
527,325
725,325
726,325
1074,325
1629,325
506,326
518,326
519,326
520,326
521,326
522,326
726,326
1073,326
1074,326
1629,326
506,327
516,327
517,327
518,327
726,327
727,327
1073,327
1629,327
1630,327
506,328
507,328
515,328
516,328
727,328
1073,328
1629,328
1630,328
507,329
514,329
515,329
727,329
728,329
1073,329
1629,329
507,330
508,330
514,330
728,330
729,330
1072,330
1073,330
1629,330
508,331
509,331
513,331
514,331
729,331
730,331
1072,331
1628,331
1629,331
509,332
510,332
511,332
512,332
513,332
730,332
1072,332
1627,332
1628,332
730,333
731,333
1072,333
1626,333
1627,333
731,334
732,334
1071,334
1072,334
1626,334
732,335
733,335
1071,335
1625,335
1626,335
733,336
734,336
1071,336
1624,336
1625,336
734,337
735,337
736,337
1071,337
1623,337
1624,337
736,338
737,338
1071,338
1622,338
1623,338
737,339
738,339
1071,339
1621,339
1622,339
738,340
739,340
740,340
1071,340
1620,340
1621,340
740,341
741,341
1071,341
1620,341
741,342
742,342
1071,342
1619,342
1620,342
742,343
743,343
744,343
1071,343
1619,343
744,344
745,344
746,344
747,344
1071,344
1618,344
1619,344
747,345
748,345
749,345
750,345
1071,345
1618,345
750,346
751,346
752,346
753,346
754,346
1071,346
1617,346
1618,346
754,347
755,347
756,347
757,347
758,347
759,347
760,347
761,347
762,347
763,347
764,347
765,347
766,347
767,347
768,347
769,347
770,347
771,347
1071,347
1072,347
1617,347
771,348
772,348
773,348
774,348
775,348
1072,348
1616,348
1617,348
775,349
776,349
777,349
1072,349
1615,349
1616,349
777,350
778,350
1072,350
1614,350
1615,350
778,351
779,351
1072,351
1613,351
1614,351
779,352
780,352
1072,352
1612,352
1613,352
780,353
781,353
782,353
1072,353
1610,353
1611,353
1612,353
782,354
783,354
1072,354
1609,354
1610,354
783,355
784,355
1072,355
1608,355
1609,355
784,356
785,356
1072,356
1607,356
1608,356
785,357
786,357
1072,357
1606,357
1607,357
786,358
787,358
1072,358
1606,358
787,359
788,359
1072,359
1073,359
1605,359
1606,359
788,360
789,360
1073,360
1605,360
789,361
790,361
1073,361
1605,361
790,362
791,362
1073,362
1605,362
791,363
1073,363
1605,363
791,364
792,364
1073,364
1605,364
792,365
1073,365
1604,365
1605,365
792,366
1073,366
1604,366
792,367
793,367
1073,367
1603,367
1604,367
793,368
1073,368
1603,368
793,369
1073,369
1601,369
1602,369
1603,369
793,370
794,370
1073,370
1598,370
1599,370
1600,370
1601,370
794,371
1073,371
1546,371
1547,371
1548,371
1549,371
1550,371
1551,371
1552,371
1553,371
1554,371
1555,371
1556,371
1557,371
1558,371
1559,371
1560,371
1561,371
1594,371
1595,371
1596,371
1597,371
1598,371
794,372
795,372
1073,372
1543,372
1544,372
1545,372
1546,372
1561,372
1562,372
1563,372
1592,372
1593,372
1594,372
795,373
1073,373
1542,373
1543,373
1563,373
1564,373
1589,373
1590,373
1591,373
1592,373
795,374
796,374
1073,374
1542,374
1564,374
1565,374
1566,374
1586,374
1587,374
1588,374
1589,374
796,375
1073,375
1541,375
1542,375
1566,375
1567,375
1568,375
1584,375
1585,375
1586,375
796,376
797,376
1073,376
1541,376
1568,376
1569,376
1570,376
1583,376
1584,376
797,377
798,377
1073,377
1540,377
1541,377
1570,377
1571,377
1582,377
1583,377
798,378
799,378
1073,378
1540,378
1571,378
1572,378
1573,378
1580,378
1581,378
1582,378
799,379
800,379
1073,379
1074,379
1540,379
1573,379
1574,379
1575,379
1578,379
1579,379
1580,379
800,380
801,380
1074,380
1539,380
1540,380
1575,380
1576,380
1577,380
1578,380
801,381
802,381
803,381
1074,381
1539,381
803,382
804,382
805,382
1074,382
1538,382
1539,382
805,383
806,383
807,383
1074,383
1538,383
807,384
808,384
809,384
1074,384
1537,384
1538,384
809,385
810,385
1074,385
1537,385
810,386
811,386
812,386
813,386
1073,386
1074,386
1535,386
1536,386
1537,386
813,387
814,387
815,387
1073,387
1532,387
1533,387
1534,387
1535,387
815,388
816,388
1073,388
1528,388
1529,388
1530,388
1531,388
1532,388
816,389
817,389
818,389
1072,389
1073,389
1525,389
1526,389
1527,389
1528,389
818,390
819,390
1072,390
1523,390
1524,390
1525,390
819,391
820,391
1072,391
1522,391
1523,391
820,392
821,392
1072,392
1520,392
1521,392
1522,392
821,393
822,393
823,393
1071,393
1072,393
1519,393
1520,393
823,394
824,394
1071,394
1518,394
1519,394
824,395
825,395
1071,395
1517,395
1518,395
825,396
826,396
1070,396
1071,396
1516,396
1517,396
826,397
827,397
1070,397
1515,397
1516,397
827,398
828,398
1069,398
1070,398
1514,398
1515,398
828,399
829,399
1068,399
1069,399
1513,399
1514,399
829,400
830,400
1068,400
1511,400
1512,400
1513,400
830,401
831,401
1067,401
1068,401
1510,401
1511,401
831,402
832,402
1067,402
1508,402
1509,402
1510,402
832,403
833,403
1066,403
1067,403
1506,403
1507,403
1508,403
833,404
1065,404
1066,404
1503,404
1504,404
1505,404
1506,404
833,405
834,405
1063,405
1064,405
1065,405
1500,405
1501,405
1502,405
1503,405
834,406
835,406
1061,406
1062,406
1063,406
1497,406
1498,406
1499,406
1500,406
835,407
1054,407
1055,407
1056,407
1057,407
1058,407
1059,407
1060,407
1061,407
1494,407
1495,407
1496,407
1497,407
835,408
1044,408
1045,408
1046,408
1047,408
1048,408
1049,408
1050,408
1051,408
1052,408
1053,408
1054,408
1492,408
1493,408
1494,408
835,409
1036,409
1037,409
1038,409
1039,409
1040,409
1041,409
1042,409
1043,409
1044,409
1490,409
1491,409
1492,409
835,410
1033,410
1034,410
1035,410
1036,410
1488,410
1489,410
1490,410
835,411
836,411
1031,411
1032,411
1033,411
1485,411
1486,411
1487,411
1488,411
836,412
837,412
1030,412
1031,412
1482,412
1483,412
1484,412
1485,412
837,413
838,413
1029,413
1030,413
1474,413
1475,413
1476,413
1477,413
1478,413
1479,413
1480,413
1481,413
1482,413
838,414
839,414
840,414
1028,414
1029,414
1454,414
1455,414
1456,414
1457,414
1458,414
1459,414
1460,414
1461,414
1462,414
1463,414
1464,414
1465,414
1466,414
1467,414
1468,414
1469,414
1470,414
1471,414
1472,414
1473,414
1474,414
840,415
841,415
842,415
843,415
844,415
845,415
846,415
847,415
848,415
849,415
850,415
851,415
852,415
853,415
854,415
855,415
856,415
857,415
858,415
1027,415
1028,415
1451,415
1452,415
1453,415
1454,415
858,416
859,416
860,416
1026,416
1027,416
1450,416
1451,416
860,417
861,417
1026,417
1449,417
1450,417
861,418
862,418
1026,418
1449,418
862,419
1026,419
1448,419
1449,419
862,420
863,420
1026,420
1448,420
863,421
864,421
1026,421
1448,421
864,422
1025,422
1026,422
1448,422
864,423
865,423
1025,423
1448,423
865,424
1025,424
1448,424
865,425
866,425
1025,425
1448,425
866,426
1025,426
1448,426
866,427
867,427
1025,427
1448,427
867,428
1025,428
1448,428
867,429
868,429
1025,429
1448,429
868,430
869,430
1024,430
1025,430
1448,430
869,431
870,431
1024,431
1447,431
1448,431
870,432
1024,432
1447,432
870,433
871,433
1024,433
1446,433
1447,433
871,434
872,434
1024,434
1446,434
872,435
873,435
1023,435
1024,435
1445,435
1446,435
873,436
874,436
1023,436
1445,436
874,437
875,437
1022,437
1023,437
1444,437
1445,437
875,438
876,438
1022,438
1443,438
1444,438
876,439
877,439
1020,439
1021,439
1022,439
1442,439
1443,439
877,440
878,440
879,440
1018,440
1019,440
1020,440
1440,440
1441,440
1442,440
879,441
880,441
881,441
1017,441
1018,441
1439,441
1440,441
881,442
882,442
1015,442
1016,442
1017,442
1438,442
1439,442
882,443
883,443
1013,443
1014,443
1015,443
1437,443
1438,443
883,444
884,444
1011,444
1012,444
1013,444
1435,444
1436,444
1437,444
884,445
885,445
1010,445
1011,445
1434,445
1435,445
885,446
886,446
1008,446
1009,446
1010,446
1432,446
1433,446
1434,446
886,447
1007,447
1008,447
1431,447
1432,447
886,448
887,448
1006,448
1007,448
1429,448
1430,448
1431,448
887,449
888,449
1004,449
1005,449
1006,449
1428,449
1429,449
888,450
1003,450
1004,450
1426,450
1427,450
1428,450
888,451
889,451
1003,451
1424,451
1425,451
1426,451
889,452
1002,452
1003,452
1421,452
1422,452
1423,452
1424,452
889,453
890,453
1002,453
1420,453
1421,453
890,454
1001,454
1002,454
1418,454
1419,454
1420,454
890,455
1001,455
1416,455
1417,455
1418,455
890,456
891,456
1001,456
1415,456
1416,456
891,457
1001,457
1413,457
1414,457
1415,457
891,458
1001,458
1413,458
891,459
1001,459
1412,459
1413,459
891,460
892,460
1001,460
1002,460
1411,460
1412,460
891,461
892,461
1002,461
1411,461
891,462
1002,462
1410,462
1411,462
891,463
1002,463
1003,463
1409,463
1410,463
891,464
1003,464
1409,464
891,465
1003,465
1408,465
1409,465
891,466
1003,466
1004,466
1407,466
1408,466
891,467
1004,467
1405,467
1406,467
1407,467
891,468
1004,468
1404,468
1405,468
891,469
1004,469
1005,469
1402,469
1403,469
1404,469
890,470
891,470
1005,470
1399,470
1400,470
1401,470
1402,470
890,471
1005,471
1397,471
1398,471
1399,471
890,472
1005,472
1395,472
1396,472
1397,472
890,473
1005,473
1006,473
1393,473
1394,473
1395,473
890,474
1005,474
1006,474
1391,474
1392,474
1393,474
890,475
1005,475
1389,475
1390,475
1391,475
890,476
1004,476
1005,476
1387,476
1388,476
1389,476
890,477
1003,477
1004,477
1385,477
1386,477
1387,477
890,478
1002,478
1003,478
1383,478
1384,478
1385,478
889,479
890,479
1001,479
1002,479
1381,479
1382,479
1383,479
889,480
979,480
980,480
981,480
982,480
983,480
984,480
985,480
986,480
987,480
988,480
989,480
990,480
991,480
992,480
993,480
994,480
995,480
996,480
997,480
998,480
999,480
1000,480
1001,480
1378,480
1379,480
1380,480
1381,480
889,481
979,481
1376,481
1377,481
1378,481
889,482
979,482
1375,482
1376,482
888,483
889,483
978,483
979,483
1374,483
1375,483
888,484
978,484
1373,484
1374,484
888,485
978,485
1371,485
1372,485
1373,485
888,486
978,486
1370,486
1371,486
888,487
978,487
1369,487
1370,487
888,488
978,488
1368,488
1369,488
888,489
977,489
978,489
1367,489
1368,489
888,490
977,490
1366,490
1367,490
888,491
977,491
1365,491
1366,491
887,492
888,492
977,492
1364,492
1365,492
887,493
977,493
1363,493
1364,493
887,494
977,494
978,494
1361,494
1362,494
1363,494
887,495
978,495
1359,495
1360,495
1361,495
886,496
887,496
978,496
1357,496
1358,496
1359,496
886,497
978,497
979,497
1354,497
1355,497
1356,497
1357,497
886,498
979,498
1351,498
1352,498
1353,498
1354,498
885,499
886,499
979,499
1347,499
1348,499
1349,499
1350,499
1351,499
885,500
979,500
980,500
1343,500
1344,500
1345,500
1346,500
1347,500
885,501
980,501
1328,501
1329,501
1330,501
1331,501
1332,501
1333,501
1334,501
1335,501
1336,501
1337,501
1338,501
1339,501
1340,501
1341,501
1342,501
1343,501
884,502
885,502
980,502
1318,502
1319,502
1320,502
1321,502
1322,502
1323,502
1324,502
1325,502
1326,502
1327,502
1328,502
884,503
980,503
981,503
1316,503
1317,503
1318,503
884,504
981,504
1315,504
1316,504
883,505
884,505
981,505
982,505
1313,505
1314,505
1315,505
883,506
982,506
1312,506
1313,506
882,507
883,507
982,507
983,507
1310,507
1311,507
1312,507
882,508
983,508
1308,508
1309,508
1310,508
881,509
882,509
983,509
1307,509
1308,509
881,510
983,510
1305,510
1306,510
1307,510
880,511
881,511
983,511
1304,511
1305,511
880,512
983,512
1303,512
1304,512
880,513
983,513
1301,513
1302,513
1303,513
879,514
880,514
983,514
1300,514
1301,514
879,515
983,515
1299,515
1300,515
878,516
879,516
983,516
1297,516
1298,516
1299,516
878,517
982,517
983,517
1296,517
1297,517
878,518
982,518
1295,518
1296,518
877,519
878,519
982,519
1293,519
1294,519
1295,519
877,520
982,520
1292,520
1293,520
877,521
982,521
1097,521
1098,521
1099,521
1100,521
1101,521
1102,521
1290,521
1291,521
1292,521
877,522
981,522
982,522
1093,522
1094,522
1095,522
1096,522
1097,522
1102,522
1103,522
1104,522
1105,522
1106,522
1107,522
1108,522
1109,522
1110,522
1288,522
1289,522
1290,522
877,523
981,523
1092,523
1093,523
1110,523
1111,523
1112,523
1113,523
1114,523
1286,523
1287,523
1288,523
877,524
878,524
981,524
1090,524
1091,524
1092,524
1114,524
1115,524
1116,524
1117,524
1284,524
1285,524
1286,524
878,525
981,525
1089,525
1090,525
1117,525
1118,525
1281,525
1282,525
1283,525
1284,525
878,526
980,526
981,526
1088,526
1089,526
1118,526
1119,526
1279,526
1280,526
1281,526
878,527
980,527
1087,527
1088,527
1119,527
1120,527
1276,527
1277,527
1278,527
1279,527
878,528
879,528
979,528
980,528
1085,528
1086,528
1087,528
1120,528
1121,528
1272,528
1273,528
1274,528
1275,528
1276,528
879,529
880,529
979,529
988,529
989,529
990,529
991,529
992,529
993,529
994,529
1084,529
1085,529
1121,529
1122,529
1268,529
1269,529
1270,529
1271,529
1272,529
880,530
881,530
978,530
979,530
986,530
987,530
988,530
994,530
995,530
996,530
1052,530
1053,530
1054,530
1055,530
1056,530
1057,530
1058,530
1059,530
1060,530
1083,530
1084,530
1122,530
1123,530
1124,530
1266,530
1267,530
1268,530
881,531
882,531
978,531
985,531
986,531
996,531
997,531
998,531
1022,531
1023,531
1024,531
1025,531
1026,531
1027,531
1050,531
1051,531
1052,531
1060,531
1061,531
1062,531
1063,531
1081,531
1082,531
1083,531
1124,531
1125,531
1263,531
1264,531
1265,531
1266,531
882,532
977,532
978,532
983,532
984,532
985,532
998,532
999,532
1000,532
1018,532
1019,532
1020,532
1021,532
1022,532
1027,532
1028,532
1029,532
1030,532
1049,532
1050,532
1063,532
1064,532
1065,532
1066,532
1079,532
1080,532
1081,532
1125,532
1126,532
1260,532
1261,532
1262,532
1263,532
882,533
883,533
976,533
977,533
982,533
983,533
1000,533
1001,533
1002,533
1003,533
1014,533
1015,533
1016,533
1017,533
1018,533
1030,533
1031,533
1032,533
1033,533
1048,533
1049,533
1066,533
1067,533
1068,533
1069,533
1070,533
1071,533
1072,533
1073,533
1074,533
1075,533
1076,533
1077,533
1078,533
1079,533
1126,533
1127,533
1258,533
1259,533
1260,533
883,534
975,534
976,534
980,534
981,534
982,534
1003,534
1004,534
1005,534
1006,534
1007,534
1008,534
1009,534
1010,534
1011,534
1012,534
1013,534
1014,534
1033,534
1034,534
1035,534
1036,534
1047,534
1048,534
1127,534
1128,534
1257,534
1258,534
883,535
884,535
975,535
977,535
978,535
979,535
980,535
1036,535
1037,535
1038,535
1044,535
1045,535
1046,535
1047,535
1128,535
1129,535
1255,535
1256,535
1257,535
884,536
974,536
975,536
976,536
977,536
1038,536
1039,536
1040,536
1041,536
1042,536
1043,536
1044,536
1129,536
1130,536
1254,536
1255,536
884,537
885,537
973,537
974,537
1130,537
1131,537
1132,537
1252,537
1253,537
1254,537
885,538
972,538
973,538
1132,538
1133,538
1251,538
1252,538
885,539
886,539
972,539
1133,539
1134,539
1250,539
1251,539
886,540
971,540
972,540
1134,540
1135,540
1249,540
1250,540
886,541
887,541
970,541
971,541
1135,541
1136,541
1247,541
1248,541
1249,541
887,542
888,542
970,542
1136,542
1137,542
1138,542
1246,542
1247,542
888,543
969,543
970,543
1138,543
1139,543
1140,543
1245,543
1246,543
888,544
889,544
969,544
1140,544
1141,544
1142,544
1244,544
1245,544
889,545
968,545
969,545
1142,545
1143,545
1243,545
1244,545
889,546
890,546
968,546
1143,546
1144,546
1145,546
1242,546
1243,546
890,547
968,547
1145,547
1146,547
1147,547
1241,547
1242,547
890,548
968,548
1147,548
1148,548
1149,548
1239,548
1240,548
1241,548
890,549
891,549
968,549
1149,549
1150,549
1238,549
1239,549
891,550
968,550
1150,550
1151,550
1152,550
1237,550
1238,550
891,551
968,551
1152,551
1153,551
1154,551
1236,551
1237,551
891,552
968,552
1154,552
1155,552
1156,552
1235,552
1236,552
891,553
892,553
968,553
1156,553
1157,553
1158,553
1159,553
1233,553
1234,553
1235,553
891,554
892,554
968,554
1159,554
1160,554
1161,554
1232,554
1233,554
891,555
968,555
1161,555
1162,555
1163,555
1164,555
1231,555
1232,555
891,556
968,556
1164,556
1165,556
1166,556
1167,556
1229,556
1230,556
1231,556
891,557
968,557
1167,557
1168,557
1169,557
1170,557
1227,557
1228,557
1229,557
891,558
968,558
1170,558
1171,558
1172,558
1173,558
1174,558
1189,558
1190,558
1191,558
1192,558
1193,558
1225,558
1226,558
1227,558
891,559
968,559
1174,559
1175,559
1176,559
1177,559
1178,559
1179,559
1180,559
1181,559
1182,559
1183,559
1184,559
1185,559
1186,559
1187,559
1188,559
1189,559
1193,559
1194,559
1195,559
1196,559
1197,559
1198,559
1223,559
1224,559
1225,559
891,560
968,560
1198,560
1199,560
1200,560
1201,560
1202,560
1220,560
1221,560
1222,560
1223,560
891,561
968,561
1202,561
1203,561
1204,561
1205,561
1206,561
1207,561
1208,561
1209,561
1210,561
1211,561
1212,561
1213,561
1214,561
1215,561
1216,561
1217,561
1218,561
1219,561
1220,561
891,562
968,562
891,563
968,563
891,564
968,564
890,565
891,565
968,565
890,566
968,566
890,567
967,567
968,567
889,568
890,568
967,568
889,569
966,569
967,569
889,570
964,570
965,570
966,570
889,571
961,571
962,571
963,571
964,571
888,572
889,572
958,572
959,572
960,572
961,572
888,573
955,573
956,573
957,573
958,573
888,574
922,574
923,574
924,574
925,574
926,574
927,574
928,574
929,574
952,574
953,574
954,574
955,574
887,575
888,575
918,575
919,575
920,575
921,575
922,575
929,575
930,575
931,575
932,575
947,575
948,575
949,575
950,575
951,575
952,575
887,576
915,576
916,576
917,576
918,576
932,576
933,576
934,576
943,576
944,576
945,576
946,576
947,576
887,577
913,577
914,577
915,577
934,577
935,577
936,577
939,577
940,577
941,577
942,577
943,577
886,578
887,578
911,578
912,578
913,578
936,578
937,578
938,578
939,578
885,579
886,579
908,579
909,579
910,579
911,579
885,580
906,580
907,580
908,580
884,581
885,581
904,581
905,581
906,581
883,582
884,582
903,582
904,582
883,583
902,583
903,583
882,584
883,584
901,584
902,584
881,585
882,585
899,585
900,585
901,585
880,586
881,586
898,586
899,586
879,587
880,587
897,587
898,587
878,588
879,588
895,588
896,588
897,588
877,589
878,589
894,589
895,589
876,590
877,590
892,590
893,590
894,590
875,591
876,591
890,591
891,591
892,591
874,592
875,592
889,592
890,592
873,593
874,593
888,593
889,593
873,594
887,594
888,594
872,595
873,595
887,595
872,596
887,596
872,597
887,597
872,598
887,598
872,599
887,599
871,600
872,600
887,600
871,601
887,601
871,602
887,602
871,603
887,603
888,603
871,604
888,604
871,605
888,605
871,606
887,606
888,606
871,607
887,607
871,608
887,608
870,609
871,609
887,609
870,610
886,610
887,610
870,611
885,611
886,611
870,612
884,612
885,612
870,613
883,613
884,613
869,614
870,614
882,614
883,614
869,615
880,615
881,615
882,615
869,616
878,616
879,616
880,616
868,617
869,617
876,617
877,617
878,617
868,618
871,618
872,618
873,618
874,618
875,618
876,618
849,619
850,619
851,619
852,619
853,619
854,619
855,619
856,619
857,619
858,619
859,619
860,619
861,619
862,619
863,619
864,619
865,619
866,619
867,619
868,619
869,619
870,619
871,619
847,620
848,620
849,620
847,621
846,622
847,622
845,623
846,623
845,624
844,625
845,625
844,626
843,627
844,627
843,628
842,629
843,629
842,630
842,631
842,632
842,633
842,634
842,635
842,636
842,637
842,638
842,639
842,640
843,640
843,641
843,642
843,643
844,643
844,644
844,645
845,645
845,646
845,647
846,647
846,648
846,649
847,649
847,650
847,651
848,651
848,652
849,652
849,653
850,653
850,654
850,655
851,655
851,656
852,656
852,657
853,657
854,657
854,658
855,658
855,659
856,659
856,660
857,660
858,660
858,661
859,661
860,661
860,662
861,662
862,662
862,663
863,663
864,663
864,664
865,664
866,664
866,665
867,665
868,665
869,665
869,666
870,666
871,666
871,667
872,667
873,667
873,668
874,668
874,669
875,669
875,670
876,670
876,671
877,671
877,672
877,673
877,674
877,675
877,676
877,677
876,678
877,678
876,679
875,680
876,680
875,681
848,682
849,682
850,682
851,682
874,682
875,682
847,683
848,683
851,683
852,683
873,683
874,683
846,684
847,684
852,684
853,684
873,684
846,685
853,685
872,685
873,685
846,686
853,686
854,686
871,686
872,686
846,687
854,687
871,687
846,688
854,688
855,688
870,688
871,688
846,689
855,689
869,689
870,689
846,690
855,690
856,690
867,690
868,690
869,690
846,691
856,691
857,691
865,691
866,691
867,691
846,692
857,692
858,692
859,692
860,692
863,692
864,692
865,692
846,693
860,693
861,693
862,693
863,693
846,694
847,694
847,695
847,696
848,696
848,697
848,698
848,699
849,699
849,700
849,701
850,701
850,702
850,703
851,703
851,704
851,705
852,705
852,706
853,706
854,706
854,707
854,708
855,708
855,709
856,709
856,710
857,710
857,711
857,712
858,712
858,713
858,714
859,714
859,715
859,716
859,717
859,718
859,719
859,720
858,721
859,721
858,722
857,723
858,723
856,724
857,724
854,725
855,725
856,725
852,726
853,726
854,726
850,727
851,727
852,727
849,728
850,728
848,729
849,729
847,730
848,730
846,731
847,731
844,732
845,732
846,732
842,733
843,733
844,733
839,734
840,734
841,734
842,734
838,735
839,735
837,736
838,736
837,737
836,738
837,738
836,739
836,740
835,741
836,741
835,742
835,743
834,744
835,744
834,745
834,746
833,747
834,747
833,748
833,749
833,750
832,751
833,751
832,752
832,753
832,754
832,755
831,756
832,756
831,757
831,758
831,759
831,760
831,761
831,762
831,763
830,764
831,764
830,765
829,766
830,766
829,767
828,768
829,768
827,769
828,769
826,770
827,770
825,771
826,771
823,772
824,772
825,772
822,773
823,773
820,774
821,774
822,774
818,775
819,775
820,775
815,776
816,776
817,776
818,776
811,777
812,777
813,777
814,777
815,777
808,778
809,778
810,778
811,778
806,779
807,779
808,779
805,780
806,780
803,781
804,781
805,781
803,782
802,783
803,783
801,784
802,784
801,785
800,786
801,786
800,787
799,788
800,788
799,789
798,790
799,790
798,791
797,792
798,792
797,793
796,794
797,794
796,795
795,796
796,796
795,797
794,798
795,798
794,799
794,800
794,801
793,802
794,802
793,803
793,804
793,805
793,806
792,807
793,807
792,808
792,809
791,810
792,810
791,811
790,812
791,812
790,813
789,814
790,814
788,815
789,815
787,816
788,816
786,817
787,817
785,818
786,818
782,819
783,819
784,819
785,819
779,820
780,820
781,820
782,820
776,821
777,821
778,821
779,821
773,822
774,822
775,822
776,822
772,823
773,823
771,824
772,824
770,825
771,825
769,826
770,826
768,827
769,827
768,828
767,829
768,829
767,830
766,831
767,831
766,832
765,833
766,833
765,834
764,835
765,835
764,836
763,837
764,837
762,838
763,838
762,839
761,840
762,840
761,841
760,842
761,842
759,843
760,843
758,844
759,844
757,845
758,845
756,846
757,846
755,847
756,847
755,848
754,849
755,849
753,850
754,850
753,851
752,852
753,852
751,853
752,853
750,854
751,854
750,855
749,856
750,856
749,857
748,858
749,858
748,859
747,860
748,860
746,861
747,861
746,862
745,863
746,863
745,864
744,865
745,865
743,866
744,866
743,867
742,868
743,868
742,869
742,870
741,871
742,871
741,872
741,873
741,874
741,875
740,876
741,876
740,877
740,878
740,879
740,880
740,881
740,882
740,883
739,884
740,884
739,885
739,886
738,887
739,887
737,888
738,888
737,889
736,890
737,890
735,891
736,891
733,892
734,892
735,892
731,893
732,893
733,893
727,894
728,894
729,894
730,894
731,894
722,895
723,895
724,895
725,895
726,895
727,895
719,896
720,896
721,896
722,896
717,897
718,897
719,897
716,898
717,898
715,899
716,899
715,900
714,901
715,901
714,902
713,903
714,903
713,904
712,905
713,905
712,906
712,907
712,908
712,909
712,910
712,911
712,912
712,913
712,914
712,915
712,916
713,916
713,917
713,918
714,918
714,919
714,920
714,921
715,921
715,922
715,923
715,924
715,925
715,926
715,927
715,928
716,928
716,929
716,930
716,931
716,932
716,933
717,933
717,934
717,935
717,936
717,937
717,938
718,938
718,939
718,940
718,941
718,942
718,943
718,944
718,945
718,946
718,947
718,948
718,949
718,950
719,950
719,951
719,952
719,953
719,954
720,954
720,955
720,956
721,956
721,957
721,958
722,958
722,959
723,959
723,960
723,961
724,961
724,962
725,962
725,963
725,964
726,964
726,965
726,966
727,966
727,967
727,968
728,968
728,969
728,970
728,971
729,971
729,972
729,973
729,974
730,974
730,975
730,976
730,977
730,978
730,979
730,980
730,981
730,982
729,983
730,983
729,984
728,985
729,985
728,986
727,987
728,987
726,988
727,988
726,989
725,990
726,990
724,991
725,991
723,992
724,992
723,993
722,994
723,994
722,995
721,996
722,996
721,997
721,998
720,999
721,999
720,1000
720,1001
719,1002
720,1002
719,1003
719,1004
719,1005
719,1006
719,1007
718,1008
719,1008
718,1009
718,1010
718,1011
719,1011
719,1012
719,1013
719,1014
719,1015
719,1016
719,1017
719,1018
720,1018
720,1019
720,1020
720,1021
721,1021
721,1022
721,1023
722,1023
722,1024
723,1024
723,1025
724,1025
724,1026
725,1026
725,1027
726,1027
726,1028
727,1028
727,1029
728,1029
728,1030
728,1031
729,1031
729,1032
730,1032
730,1033
731,1033
731,1034
731,1035
732,1035
732,1036
733,1036
733,1037
733,1038
734,1038
734,1039
734,1040
735,1040
735,1041
735,1042
736,1042
736,1043
736,1044
737,1044
737,1045
737,1046
738,1046
738,1047
738,1048
739,1048
739,1049
739,1050
740,1050
740,1051
740,1052
740,1053
740,1054
739,1055
740,1055
739,1056
739,1057
738,1058
739,1058
738,1059
737,1060
738,1060
737,1061
737,1062
736,1063
737,1063
736,1064
736,1065
735,1066
736,1066
735,1067
734,1068
735,1068
734,1069
733,1070
734,1070
732,1071
733,1071
732,1072
731,1073
732,1073
729,1074
730,1074
731,1074
728,1075
729,1075
726,1076
727,1076
728,1076
725,1077
726,1077
724,1078
725,1078
723,1079
724,1079
722,1080
723,1080
721,1081
722,1081
721,1082
721,1083
721,1084
720,1085
721,1085
720,1086
720,1087
720,1088
720,1089
720,1090
720,1091
720,1092
720,1093
720,1094
720,1095
720,1096
720,1097
720,1098
720,1099
720,1100
720,1101
719,1102
720,1102
719,1103
719,1104
719,1105
718,1106
719,1106
718,1107
718,1108
717,1109
718,1109
716,1110
717,1110
716,1111
715,1112
716,1112
714,1113
715,1113
713,1114
714,1114
711,1115
712,1115
713,1115
710,1116
711,1116
709,1117
710,1117
708,1118
709,1118
707,1119
708,1119
706,1120
707,1120
705,1121
706,1121
704,1122
705,1122
703,1123
704,1123
702,1124
703,1124
702,1125
701,1126
702,1126
701,1127
701,1128
701,1129
700,1130
701,1130
700,1131
700,1132
701,1132
701,1133
701,1134
701,1135
702,1135
702,1136
702,1137
703,1137
703,1138
703,1139
704,1139
704,1140
705,1140
705,1141
705,1142
706,1142
706,1143
707,1143
707,1144
708,1144
708,1145
708,1146
709,1146
709,1147
710,1147
710,1148
711,1148
711,1149
712,1149
712,1150
713,1150
714,1150
714,1151
715,1151
715,1152
716,1152
716,1153
717,1153
717,1154
717,1155
718,1155
718,1156
719,1156
719,1157
719,1158
720,1158
720,1159
721,1159
721,1160
721,1161
722,1161
722,1162
722,1163
723,1163
723,1164
723,1165
723,1166
724,1166
724,1167
724,1168
725,1168
725,1169
725,1170
726,1170
726,1171
726,1172
727,1172
727,1173
728,1173
728,1174
728,1175
729,1175
729,1176
730,1176
730,1177
731,1177
731,1178
732,1178
732,1179
733,1179
733,1180
734,1180
734,1181
735,1181
736,1181
743,1181
744,1181
745,1181
746,1181
747,1181
748,1181
749,1181
750,1181
751,1181
752,1181
753,1181
754,1181
755,1181
756,1181
757,1181
758,1181
759,1181
760,1181
761,1181
762,1181
763,1181
764,1181
765,1181
766,1181
767,1181
736,1182
737,1182
738,1182
739,1182
740,1182
741,1182
742,1182
743,1182
767,1182
768,1182
769,1182
770,1182
771,1182
771,1183
772,1183
773,1183
773,1184
774,1184
774,1185
775,1185
775,1186
776,1186
776,1187
776,1188
776,1189
777,1189
777,1190
777,1191
777,1192
777,1193
778,1193
778,1194
778,1195
778,1196
778,1197
778,1198
778,1199
778,1200
778,1201
778,1202
778,1203
778,1204
778,1205
778,1206
778,1207
778,1208
777,1209
778,1209
777,1210
777,1211
776,1212
777,1212
776,1213
776,1214
775,1215
776,1215
775,1216
775,1217
775,1218
774,1219
775,1219
774,1220
774,1221
774,1222
774,1223
774,1224
774,1225
774,1226
774,1227
774,1228
774,1229
775,1229
775,1230
775,1231
775,1232
775,1233
775,1234
775,1235
775,1236
776,1236
776,1237
776,1238
776,1239
776,1240
777,1240
777,1241
777,1242
777,1243
778,1243
778,1244
778,1245
778,1246
778,1247
779,1247
779,1248
779,1249
778,1250
779,1250
778,1251
778,1252
778,1253
778,1254
778,1255
778,1256
779,1256
779,1257
779,1258
779,1259
779,1260
779,1261
779,1262
779,1263
779,1264
779,1265
779,1266
779,1267
779,1268
779,1269
778,1270
779,1270
778,1271
778,1272
777,1273
778,1273
777,1274
776,1275
777,1275
776,1276
775,1277
776,1277
775,1278
774,1279
775,1279
774,1280
774,1281
774,1282
773,1283
774,1283
773,1284
772,1285
773,1285
771,1286
772,1286
771,1287
770,1288
771,1288
770,1289
770,1290
770,1291
769,1292
770,1292
769,1293
769,1294
769,1295
769,1296
768,1297
769,1297
768,1298
768,1299
768,1300
768,1301
768,1302
768,1303
768,1304
768,1305
767,1306
768,1306
767,1307
767,1308
766,1309
767,1309
766,1310
766,1311
765,1312
766,1312
764,1313
765,1313
764,1314
763,1315
764,1315
762,1316
763,1316
761,1317
762,1317
761,1318
760,1319
761,1319
759,1320
760,1320
758,1321
759,1321
757,1322
758,1322
755,1323
756,1323
757,1323
754,1324
755,1324
750,1325
751,1325
752,1325
753,1325
754,1325
742,1326
743,1326
744,1326
745,1326
746,1326
747,1326
748,1326
749,1326
750,1326
738,1327
739,1327
740,1327
741,1327
742,1327
735,1328
736,1328
737,1328
738,1328
733,1329
734,1329
735,1329
731,1330
732,1330
733,1330
730,1331
731,1331
728,1332
729,1332
730,1332
727,1333
728,1333
726,1334
727,1334
726,1335
725,1336
726,1336
724,1337
725,1337
723,1338
724,1338
722,1339
723,1339
722,1340
721,1341
722,1341
720,1342
721,1342
720,1343
719,1344
720,1344
719,1345
718,1346
719,1346
718,1347
717,1348
718,1348
717,1349
716,1350
717,1350
716,1351
716,1352
715,1353
716,1353
715,1354
714,1355
715,1355
714,1356
713,1357
714,1357
713,1358
712,1359
713,1359
712,1360
711,1361
712,1361
710,1362
711,1362
710,1363
709,1364
710,1364
708,1365
709,1365
707,1366
708,1366
706,1367
707,1367
705,1368
706,1368
704,1369
705,1369
703,1370
704,1370
702,1371
703,1371
701,1372
702,1372
701,1373
700,1374
701,1374
699,1375
700,1375
698,1376
699,1376
697,1377
698,1377
696,1378
697,1378
695,1379
696,1379
695,1380
694,1381
695,1381
693,1382
694,1382
693,1383
692,1384
693,1384
692,1385
691,1386
692,1386
691,1387
691,1388
690,1389
691,1389
690,1390
690,1391
689,1392
690,1392
689,1393
689,1394
689,1395
689,1396
688,1397
689,1397
688,1398
688,1399
688,1400
688,1401
687,1402
688,1402
687,1403
687,1404
687,1405
687,1406
687,1407
687,1408
687,1409
686,1410
687,1410
686,1411
686,1412
686,1413
686,1414
686,1415
686,1416
686,1417
686,1418
686,1419
686,1420
686,1421
685,1422
686,1422
685,1423
685,1424
685,1425
684,1426
685,1426
684,1427
684,1428
683,1429
684,1429
683,1430
683,1431
682,1432
683,1432
682,1433
681,1434
682,1434
680,1435
681,1435
679,1436
680,1436
679,1437
678,1438
679,1438
677,1439
678,1439
676,1440
677,1440
675,1441
676,1441
673,1442
674,1442
675,1442
672,1443
673,1443
670,1444
671,1444
672,1444
665,1445
666,1445
667,1445
668,1445
669,1445
670,1445
661,1446
662,1446
663,1446
664,1446
665,1446
659,1447
660,1447
661,1447
658,1448
659,1448
657,1449
658,1449
656,1450
657,1450
656,1451
655,1452
656,1452
654,1453
655,1453
654,1454
654,1455
653,1456
654,1456
653,1457
653,1458
653,1459
653,1460
653,1461
653,1462
653,1463
653,1464
652,1465
653,1465
652,1466
652,1467
652,1468
652,1469
652,1470
652,1471
652,1472
652,1473
652,1474
652,1475
652,1476
651,1477
652,1477
651,1478
651,1479
651,1480
650,1481
651,1481
650,1482
650,1483
650,1484
650,1485
650,1486
650,1487
650,1488
650,1489
650,1490
650,1491
651,1491
651,1492
651,1493
651,1494
651,1495
651,1496
651,1497
651,1498
651,1499
652,1499
652,1500
652,1501
652,1502
652,1503
653,1503
653,1504
653,1505
653,1506
653,1507
653,1508
653,1509
653,1510
653,1511
653,1512
653,1513
653,1514
653,1515
653,1516
653,1517
653,1518
653,1519
653,1520
653,1521
653,1522
652,1523
653,1523
652,1524
652,1525
652,1526
652,1527
652,1528
652,1529
652,1530
652,1531
652,1532
653,1532
653,1533
653,1534
653,1535
654,1535
654,1536
654,1537
655,1537
655,1538
655,1539
656,1539
656,1540
657,1540
657,1541
657,1542
658,1542
658,1543
659,1543
659,1544
659,1545
660,1545
660,1546
661,1546
661,1547
662,1547
662,1548
662,1549
663,1549
663,1550
663,1551
664,1551
664,1552
664,1553
664,1554
665,1554
665,1555
665,1556
666,1556
666,1557
666,1558
666,1559
667,1559
667,1560
667,1561
668,1561
668,1562
668,1563
668,1564
669,1564
669,1565
669,1566
669,1567
669,1568
670,1568
670,1569
670,1570
671,1570
671,1571
671,1572
672,1572
672,1573
672,1574
672,1575
673,1575
673,1576
673,1577
674,1577
674,1578
675,1578
675,1579
675,1580
676,1580
676,1581
676,1582
677,1582
677,1583
678,1583
678,1584
679,1584
679,1585
680,1585
680,1586
680,1587
681,1587
681,1588
682,1588
682,1589
683,1589
683,1590
683,1591
684,1591
684,1592
685,1592
685,1593
685,1594
686,1594
686,1595
687,1595
687,1596
688,1596
688,1597
689,1597
689,1598
690,1598
690,1599
691,1599
691,1600
692,1600
693,1600
693,1601
694,1601
694,1602
695,1602
696,1602
696,1603
697,1603
697,1604
698,1604
699,1604
699,1605
700,1605
701,1605
701,1606
702,1606
702,1607
703,1607
704,1607
704,1608
705,1608
705,1609
706,1609
706,1610
707,1610
707,1611
707,1612
708,1612
708,1613
709,1613
709,1614
710,1614
710,1615
711,1615
711,1616
712,1616
712,1617
713,1617
713,1618
714,1618
714,1619
715,1619
715,1620
716,1620
716,1621
717,1621
717,1622
718,1622
718,1623
719,1623
719,1624
720,1624
720,1625
721,1625
721,1626
721,1627
722,1627
722,1628
722,1629
723,1629
723,1630
723,1631
723,1632
723,1633
724,1633
724,1634
724,1635
724,1636
724,1637
724,1638
724,1639
724,1640
725,1640
725,1641
725,1642
725,1643
725,1644
725,1645
725,1646
726,1646
726,1647
726,1648
727,1648
728,1648
728,1649
729,1649
730,1649
731,1649
731,1650
732,1650
732,1651
732,1652
733,1652
733,1653
733,1654
733,1655
734,1655
734,1656
734,1657
734,1658
734,1659
734,1660
734,1661
734,1662
734,1663
735,1663
735,1664
735,1665
735,1666
735,1667
735,1668
734,1669
735,1669
734,1670
734,1671
734,1672
734,1673
734,1674
734,1675
733,1676
734,1676
733,1677
733,1678
732,1679
733,1679
732,1680
732,1681
732,1682
731,1683
732,1683
731,1684
731,1685
730,1686
731,1686
730,1687
730,1688
729,1689
730,1689
729,1690
729,1691
728,1692
729,1692
728,1693
728,1694
727,1695
728,1695
727,1696
727,1697
726,1698
727,1698
726,1699
725,1700
726,1700
725,1701
725,1702
724,1703
725,1703
724,1704
723,1705
724,1705
723,1706
722,1707
723,1707
722,1708
721,1709
722,1709
721,1710
720,1711
721,1711
720,1712
719,1713
720,1713
719,1714
718,1715
719,1715
718,1716
717,1717
718,1717
717,1718
716,1719
717,1719
716,1720
715,1721
716,1721
715,1722
714,1723
715,1723
714,1724
713,1725
714,1725
713,1726
712,1727
713,1727
712,1728
711,1729
712,1729
711,1730
711,1731
710,1732
711,1732
710,1733
709,1734
710,1734
709,1735
709,1736
709,1737
709,1738
709,1739
708,1740
709,1740
708,1741
708,1742
708,1743
708,1744
708,1745
708,1746
708,1747
708,1748
708,1749
708,1750
709,1750
709,1751
709,1752
709,1753
709,1754
709,1755
709,1756
709,1757
709,1758
709,1759
709,1760
709,1761
709,1762
709,1763
709,1764
709,1765
709,1766
709,1767
709,1768
709,1769
709,1770
709,1771
709,1772
709,1773
709,1774
708,1775
709,1775
708,1776
707,1777
708,1777
707,1778
706,1779
707,1779
706,1780
705,1781
706,1781
705,1782
705,1783
705,1784
704,1785
705,1785
704,1786
704,1787
704,1788
704,1789
704,1790
703,1791
704,1791
703,1792
703,1793
703,1794
703,1795
703,1796
702,1797
703,1797
702,1798
702,1799
701,1800
702,1800
701,1801
701,1802
700,1803
701,1803
700,1804
700,1805
699,1806
700,1806
699,1807
699,1808
698,1809
699,1809
698,1810
698,1811
697,1812
698,1812
697,1813
696,1814
697,1814
696,1815
695,1816
696,1816
695,1817
694,1818
695,1818
694,1819
693,1820
694,1820
693,1821
692,1822
693,1822
692,1823
691,1824
692,1824
690,1825
691,1825
690,1826
689,1827
690,1827
688,1828
689,1828
687,1829
688,1829
686,1830
687,1830
686,1831
685,1832
686,1832
684,1833
685,1833
683,1834
684,1834
682,1835
683,1835
681,1836
682,1836
680,1837
681,1837
680,1838
679,1839
680,1839
678,1840
679,1840
677,1841
678,1841
676,1842
677,1842
675,1843
676,1843
673,1844
674,1844
675,1844
672,1845
673,1845
671,1846
672,1846
669,1847
670,1847
671,1847
668,1848
669,1848
666,1849
667,1849
668,1849
664,1850
665,1850
666,1850
662,1851
663,1851
664,1851
660,1852
661,1852
662,1852
658,1853
659,1853
660,1853
657,1854
658,1854
654,1855
655,1855
656,1855
657,1855
644,1856
645,1856
646,1856
647,1856
648,1856
649,1856
650,1856
651,1856
652,1856
653,1856
654,1856
641,1857
642,1857
643,1857
644,1857
639,1858
640,1858
641,1858
635,1859
636,1859
637,1859
638,1859
639,1859
631,1860
632,1860
633,1860
634,1860
635,1860
629,1861
630,1861
631,1861
627,1862
628,1862
629,1862
625,1863
626,1863
627,1863
623,1864
624,1864
625,1864
621,1865
622,1865
623,1865
620,1866
621,1866
618,1867
619,1867
620,1867
616,1868
617,1868
618,1868
615,1869
616,1869
613,1870
614,1870
615,1870
612,1871
613,1871
611,1872
612,1872
609,1873
610,1873
611,1873
608,1874
609,1874
607,1875
608,1875
606,1876
607,1876
605,1877
606,1877
605,1878
604,1879
605,1879
604,1880
603,1881
604,1881
603,1882
603,1883
603,1884
602,1885
603,1885
602,1886
602,1887
602,1888
601,1889
602,1889
601,1890
601,1891
600,1892
601,1892
600,1893
600,1894
599,1895
600,1895
599,1896
599,1897
598,1898
599,1898
598,1899
598,1900
597,1901
598,1901
597,1902
597,1903
597,1904
596,1905
597,1905
596,1906
596,1907
595,1908
596,1908
595,1909
595,1910
595,1911
594,1912
595,1912
594,1913
594,1914
594,1915
594,1916
594,1917
593,1918
594,1918
593,1919
593,1920
593,1921
593,1922
593,1923
593,1924
593,1925
593,1926
593,1927
593,1928
593,1929
593,1930
593,1931
593,1932
593,1933
593,1934
592,1935
593,1935
592,1936
592,1937
592,1938
592,1939
591,1940
592,1940
591,1941
591,1942
591,1943
591,1944
591,1945
591,1946
591,1947
591,1948
591,1949
591,1950
591,1951
591,1952
591,1953
591,1954
591,1955
591,1956
591,1957
591,1958
592,1958
592,1959
592,1960
593,1960
593,1961
593,1962
594,1962
594,1963
594,1964
595,1964
595,1965
595,1966
595,1967
596,1967
596,1968
596,1969
597,1969
597,1970
597,1971
597,1972
598,1972
598,1973
598,1974
598,1975
598,1976
598,1977
599,1977
599,1978
599,1979
599,1980
600,1980
600,1981
600,1982
601,1982
601,1983
601,1984
602,1984
602,1985
602,1986
603,1986
603,1987
603,1988
604,1988
604,1989
605,1989
605,1990
605,1991
606,1991
606,1992
606,1993
607,1993
607,1994
608,1994
608,1995
609,1995
609,1996
609,1997
610,1997
610,1998
611,1998
611,1999
612,1999
612,2000
612,2001
613,2001
613,2002
613,2003
614,2003
614,2004
615,2004
615,2005
616,2005
616,2006
616,2007
617,2007
617,2008
618,2008
618,2009
619,2009
619,2010
619,2011
620,2011
620,2012
621,2012
621,2013
621,2014
622,2014
622,2015
623,2015
623,2016
623,2017
624,2017
624,2018
625,2018
625,2019
625,2020
626,2020
626,2021
626,2022
627,2022
627,2023
627,2024
628,2024
628,2025
628,2026
628,2027
629,2027
629,2028
629,2029
629,2030
629,2031
630,2031
630,2032
630,2033
630,2034
630,2035
630,2036
630,2037
630,2038
630,2039
630,2040
630,2041
630,2042
630,2043
630,2044
630,2045
630,2046
630,2047
629,2048
630,2048
629,2049
629,2050
629,2051
629,2052
629,2053
628,2054
629,2054
628,2055
628,2056
628,2057
628,2058
627,2059
628,2059
627,2060
627,2061
626,2062
627,2062
626,2063
626,2064
625,2065
626,2065
625,2066
624,2067
625,2067
624,2068
624,2069
623,2070
624,2070
623,2071
622,2072
623,2072
622,2073
621,2074
622,2074
620,2075
621,2075
620,2076
619,2077
620,2077
618,2078
619,2078
618,2079
617,2080
618,2080
616,2081
617,2081
616,2082
615,2083
616,2083
614,2084
615,2084
614,2085
613,2086
614,2086
612,2087
613,2087
611,2088
612,2088
611,2089
610,2090
611,2090
609,2091
610,2091
609,2092
608,2093
609,2093
607,2094
608,2094
606,2095
607,2095
606,2096
605,2097
606,2097
604,2098
605,2098
603,2099
604,2099
603,2100
602,2101
603,2101
601,2102
602,2102
601,2103
600,2104
601,2104
599,2105
600,2105
598,2106
599,2106
598,2107
597,2108
598,2108
597,2109
597,2110
596,2111
597,2111
596,2112
596,2113
595,2114
596,2114
595,2115
595,2116
595,2117
594,2118
595,2118
594,2119
594,2120
594,2121
593,2122
594,2122
593,2123
593,2124
593,2125
593,2126
593,2127
593,2128
593,2129
592,2130
593,2130
592,2131
592,2132
591,2133
592,2133
590,2134
591,2134
590,2135
589,2136
590,2136
589,2137
588,2138
589,2138
587,2139
588,2139
587,2140
586,2141
587,2141
585,2142
586,2142
585,2143
584,2144
585,2144
584,2145
583,2146
584,2146
583,2147
582,2148
583,2148
582,2149
581,2150
582,2150
580,2151
581,2151
579,2152
580,2152
579,2153
578,2154
579,2154
577,2155
578,2155
576,2156
577,2156
575,2157
576,2157
574,2158
575,2158
573,2159
574,2159
572,2160
573,2160
571,2161
572,2161
570,2162
571,2162
569,2163
570,2163
567,2164
568,2164
569,2164
566,2165
567,2165
565,2166
566,2166
564,2167
565,2167
563,2168
564,2168
562,2169
563,2169
561,2170
562,2170
561,2171
560,2172
561,2172
559,2173
560,2173
559,2174
558,2175
559,2175
557,2176
558,2176
557,2177
556,2178
557,2178
555,2179
556,2179
554,2180
555,2180
553,2181
554,2181
552,2182
553,2182
551,2183
552,2183
549,2184
550,2184
551,2184
547,2185
548,2185
549,2185
545,2186
546,2186
547,2186
543,2187
544,2187
545,2187
541,2188
542,2188
543,2188
539,2189
540,2189
541,2189
537,2190
538,2190
539,2190
535,2191
536,2191
537,2191
533,2192
534,2192
535,2192
531,2193
532,2193
533,2193
529,2194
530,2194
531,2194
527,2195
528,2195
529,2195
525,2196
526,2196
527,2196
523,2197
524,2197
525,2197
522,2198
523,2198
520,2199
521,2199
522,2199
518,2200
519,2200
520,2200
516,2201
517,2201
518,2201
514,2202
515,2202
516,2202
513,2203
514,2203
511,2204
512,2204
513,2204
509,2205
510,2205
511,2205
507,2206
508,2206
509,2206
506,2207
507,2207
504,2208
505,2208
506,2208
502,2209
503,2209
504,2209
501,2210
502,2210
500,2211
501,2211
499,2212
500,2212
497,2213
498,2213
499,2213
496,2214
497,2214
495,2215
496,2215
495,2216
494,2217
495,2217
494,2218
493,2219
494,2219
492,2220
493,2220
492,2221
491,2222
492,2222
491,2223
490,2224
491,2224
489,2225
490,2225
489,2226
489,2227
488,2228
489,2228
488,2229
487,2230
488,2230
487,2231
487,2232
486,2233
487,2233
486,2234
485,2235
486,2235
485,2236
484,2237
485,2237
484,2238
483,2239
484,2239
483,2240
482,2241
483,2241
482,2242
482,2243
481,2244
482,2244
481,2245
480,2246
481,2246
480,2247
479,2248
480,2248
479,2249
478,2250
479,2250
478,2251
477,2252
478,2252
477,2253
477,2254
476,2255
477,2255
476,2256
475,2257
476,2257
475,2258
474,2259
475,2259
474,2260
473,2261
474,2261
472,2262
473,2262
472,2263
471,2264
472,2264
470,2265
471,2265
470,2266
469,2267
470,2267
468,2268
469,2268
468,2269
467,2270
468,2270
466,2271
467,2271
466,2272
465,2273
466,2273
464,2274
465,2274
464,2275
463,2276
464,2276
462,2277
463,2277
462,2278
461,2279
462,2279
460,2280
461,2280
460,2281
459,2282
460,2282
458,2283
459,2283
457,2284
458,2284
457,2285
456,2286
457,2286
391,2287
392,2287
393,2287
394,2287
395,2287
396,2287
397,2287
455,2287
456,2287
397,2288
398,2288
399,2288
400,2288
401,2288
455,2288
401,2289
402,2289
403,2289
454,2289
455,2289
403,2290
453,2290
454,2290
403,2291
404,2291
453,2291
404,2292
452,2292
453,2292
404,2293
405,2293
451,2293
452,2293
405,2294
451,2294
405,2295
406,2295
450,2295
451,2295
406,2296
449,2296
450,2296
406,2297
407,2297
449,2297
407,2298
408,2298
448,2298
449,2298
408,2299
409,2299
447,2299
448,2299
409,2300
410,2300
411,2300
447,2300
411,2301
412,2301
413,2301
446,2301
447,2301
413,2302
414,2302
415,2302
445,2302
446,2302
415,2303
416,2303
417,2303
445,2303
417,2304
418,2304
419,2304
444,2304
445,2304
419,2305
420,2305
421,2305
422,2305
443,2305
444,2305
422,2306
423,2306
424,2306
443,2306
424,2307
425,2307
426,2307
427,2307
442,2307
443,2307
427,2308
428,2308
429,2308
430,2308
431,2308
432,2308
433,2308
434,2308
435,2308
436,2308
437,2308
438,2308
439,2308
441,2308
442,2308
439,2309
440,2309
441,2309
